Type,Name,Request Count,Failure Count,Median Response Time,Average Response Time,Min Response Time,Max Response Time,Average Content Size,Requests/s,Failures/s,50%,66%,75%,80%,90%,95%,98%,99%,99.9%,99.99%,100%
GET,GET /api/books,340,0,8,321.7090296500828,4.91225000587292,18149.264416992082,69981.51764705882,5.747739295112692,0.0,8,9,10,12,28,41,5400,5500,18000,18000,18000
GET,GET /api/books/book-id/:id,111,0,13,442.2876914415922,2.8504170040832832,18606.631540998933,2113.7567567567567,1.8764678286985552,0.0,13,480,510,530,660,750,1100,1500,19000,19000,19000
,Aggregated,451,0,8,351.3858178071949,2.8504170040832832,18606.631540998933,53277.92239467849,7.624207123811247,0.0,8,10,17,27,500,740,5000,5500,19000,19000,19000
