Type,Name,Request Count,Failure Count,Median Response Time,Average Response Time,Min Response Time,Max Response Time,Average Content Size,Requests/s,Failures/s,50%,66%,75%,80%,90%,95%,98%,99%,99.9%,99.99%,100%
GET,GET /api/books,56,0,27000.0,26670.392524535742,14421.624583002995,38472.52387500339,70584.0,0.9575509618993283,0.0,28000,30000,32000,32000,35000,37000,38000,38000,38000,38000,38000
GET,GET /api/books/book-id/:id,16,0,14000.0,18867.2500259986,6492.404040996917,28424.12654099462,2381.0,0.2735859891140938,0.0,20000,23000,27000,27000,28000,28000,28000,28000,28000,28000,28000
,Aggregated,72,0,26000.0,24936.360858194148,6492.404040996917,38472.52387500339,55427.77777777778,1.231136951013422,0.0,27000,29000,31000,31000,35000,37000,38000,38000,38000,38000,38000
