Type,Name,Request Count,Failure Count,Median Response Time,Average Response Time,Min Response Time,Max Response Time,Average Content Size,Requests/s,Failures/s,50%,66%,75%,80%,90%,95%,98%,99%,99.9%,99.99%,100%
GET,GET /api/books,319,0,8,599.185392269538,4.725375001726206,14398.833667000872,70086.11912225705,5.383675562545928,0.0,8,9,10,11,39,5400,10000,11000,14000,14000,14000
GET,GET /api/books/book-id/:id,105,0,550.0,687.9048769529271,3.434999998717103,3926.3273339965963,2118.942857142857,1.7720562196467788,0.0,550,840,1200,1400,1800,2100,3500,3600,3900,3900,3900
,Aggregated,424,0,8,621.1560193727358,3.434999998717103,14398.833667000872,53254.625,7.155731782192707,0.0,8,10,14,39,1700,3500,8400,11000,14000,14000,14000
